pid,layout,title,filename,caption
100,photos,IMG_3938,IMG_3938.jpg,bowl and photos
101,photos,IMG_3941,IMG_3941.jpg,black soldiers photo
102,photos,IMG_3956,IMG_3956.jpg,watch and buttons
103,photos,IMG_3970,IMG_3970.jpg,salt and peppers
104,photos,IMG_3971,IMG_3971.jpg,woman in round
105,photos,IMG_3978,IMG_3978.jpg,necklace and pendants
106,photos,IMG_3979,IMG_3979.jpg,bottle and vases
107,photos,IMG_4004,IMG_4004.jpg,figural lace
108,photos,IMG_4016,IMG_4016.jpg,costume jewelery
109,photos,IMG_4114,IMG_4114.jpg,knit vest
110,photos,IMG_4119,IMG_4119.jpg,clown circus poster
111,photos,IMG_4120,IMG_4120.jpg,chereb dog and science fiction
112,photos,IMG_4141,IMG_4141.jpg,musician figures on pillows
113,photos,IMG_4144,IMG_4144.jpg,vase and ephemera
114,photos,IMG_4146,IMG_4146.jpg,pinball game
115,photos,IMG_4148,IMG_4148.jpg,jewelery face
116,photos,IMG_4151,IMG_4151.jpg,witch cutouts
117,photos,IMG_4164,IMG_4164.jpg,top and booties
118,photos,IMG_4167,IMG_4167.jpg,cowgirl boots
119,photos,IMG_4171,IMG_4171.jpg,long photo and doorstop
120,photos,IMG_4173,IMG_4173.jpg,sombrero and lace
121,photos,IMG_4176,IMG_4176.jpg,donkey and muffin tins
122,photos,IMG_4179,IMG_4179.jpg,black lace gown
123,photos,IMG_4249,IMG_4249.jpg,clock and drinking glasses
124,photos,IMG_4251,IMG_4251.jpg,x-rated pot holders
125,photos,IMG_4252,IMG_4252.jpg,lamp and candle sticks
126,photos,IMG_4257,IMG_4257.jpg,"bunnies, dog and dice"
127,photos,IMG_4263,IMG_4263.jpg,oriental bowl and falls photo
128,photos,IMG_4264,IMG_4264.jpg,dragon embroidery
129,photos,IMG_4265,IMG_4265.jpg,Maxfield Parrish and Jesus
130,photos,IMG_4268,IMG_4268.jpg,3 dolls and a bear
131,photos,IMG_4271,IMG_4271.jpg,booties and quilt squares
132,photos,IMG_4274,IMG_4274.jpg,stereo view card and doll blue ware
133,photos,IMG_4279,IMG_4279.jpg,stop and think sign
134,photos,IMG_4284,IMG_4284.jpg,artglass vase
135,photos,IMG_4288,IMG_4288.jpg,transferware platter
136,photos,IMG_4307,IMG_4307.jpg,glittery gowns
137,photos,IMG_4312,IMG_4312.jpg,yellow silk dresses
138,photos,IMG_4314,IMG_4314.jpg,pastel glittery dresses
139,photos,IMG_4369,IMG_4369.jpg,mother of pearl buttons
140,photos,IMG_4371,IMG_4371.jpg,may sizes of dressers
141,photos,IMG_4375,IMG_4375.jpg,musician muses print
142,photos,IMG_4376,IMG_4376.jpg,A. Willums laundry painting
143,photos,IMG_4386,IMG_4386.jpg,chromeware and woodcock
144,photos,IMG_4388,IMG_4388.jpg,blueware jar
145,photos,IMG_4406,IMG_4406.jpg,dollhouse furnishings
146,photos,IMG_4408,IMG_4408.jpg,glamorous button sets
147,photos,IMG_4409,IMG_4409.jpg,neckace display
148,photos,IMG_4413,IMG_4413.jpg,masonic print
149,photos,IMG_4482,IMG_4482.jpg,vintage valentine postcards
150,photos,IMG_4483,IMG_4483.jpg,crimson window display
151,photos,IMG_4484,IMG_4484.jpg,deep window display
152,photos,IMG_4486,IMG_4486.jpg,masonic club and locomotive
153,photos,IMG_4487,IMG_4487.jpg,griffins flanking ship doorstop
154,photos,IMG_4489,IMG_4489.jpg,crimson gown window
155,photos,IMG_4490,IMG_4490.jpg,quilts and needlepoint
156,photos,IMG_4491,IMG_4491.jpg,pulp and ephemera
157,photos,IMG_4492,IMG_4492.jpg,birds of new york prints
158,photos,IMG_4494,IMG_4494.jpg,trusty remington typewriter
159,photos,IMG_4495,IMG_4495.jpg,walking skeleton print
160,photos,IMG_4497,IMG_4497.jpg,analog sci-fi magazines
161,photos,IMG_4499,IMG_4499.jpg,donkey and toy samovar
162,photos,IMG_4500,IMG_4500.jpg,hutch full of plates
163,photos,IMG_4501,IMG_4501.jpg,big floral jar
164,photos,IMG_4506,IMG_4506.jpg,walking canes
165,photos,IMG_4508,IMG_4508.jpg,"booties, buttons, and valentines"
166,photos,IMG_4509,IMG_4509.jpg,"chrome, silverplate and wooden fruit"
167,photos,IMG_4510,IMG_4510.jpg,oil can and copper jug
168,photos,IMG_4512,IMG_4512.jpg,ice bucket and coctail dispenser
169,photos,IMG_4513,IMG_4513.jpg,craftsman candlesticks
170,photos,IMG_4518,IMG_4518.jpg,
171,photos,IMG_4519,IMG_4519.jpg,
172,photos,IMG_4522,IMG_4522.jpg,
173,photos,IMG_4523,IMG_4523.jpg,
174,photos,IMG_4524,IMG_4524.jpg,
175,photos,IMG_4525,IMG_4525.jpg,
176,photos,IMG_4526,IMG_4526.jpg,
177,photos,IMG_4529,IMG_4529.jpg,
178,photos,IMG_4531,IMG_4531.jpg,
179,photos,IMG_4532,IMG_4532.jpg,
180,photos,IMG_4533,IMG_4533.jpg,
181,photos,IMG_4534,IMG_4534.jpg,
182,photos,IMG_4537,IMG_4537.jpg,
183,photos,IMG_4538,IMG_4538.jpg,
184,photos,IMG_4540,IMG_4540.jpg,
185,photos,IMG_4541,IMG_4541.jpg,
186,photos,IMG_4546,IMG_4546.jpg,
187,photos,IMG_4547,IMG_4547.jpg,
188,photos,IMG_4553,IMG_4553.jpg,
189,photos,IMG_4556,IMG_4556.jpg,
190,photos,IMG_4557,IMG_4557.jpg,
191,photos,IMG_4558,IMG_4558.jpg,
192,photos,IMG_4563,IMG_4563.jpg,
193,photos,IMG_4571,IMG_4571.jpg,
194,photos,IMG_4574,IMG_4574.jpg,
195,photos,IMG_4578,IMG_4578.jpg,